age,trestbps,chol,thalach,oldpeak,ca,target,sex_female,sex_male,cp_asymptomatic,cp_atypical angina,cp_non-anginal pain,cp_typical angina,fbs_greater than 120mg ml,fbs_lower than 120mg/ml,restecg_ST-T wave abnormality,restecg_left ventricular hyper trophy,restecg_normal,exang_no,exang_yes,slope_downsloping,slope_flat,slope_upsloping,thal_fixed defect,thal_normal,thal_reversable defect,thal_unknown
52,125,212,168,1.0,2,0,False,True,False,False,False,True,False,True,True,False,False,True,False,True,False,False,False,False,True,False
53,140,203,155,3.1,0,0,False,True,False,False,False,True,True,False,False,False,True,False,True,False,False,True,False,False,True,False
70,145,174,125,2.6,0,0,False,True,False,False,False,True,False,True,True,False,False,False,True,False,False,True,False,False,True,False
61,148,203,161,0.0,1,0,False,True,False,False,False,True,False,True,True,False,False,True,False,True,False,False,False,False,True,False
62,138,294,106,1.9,3,0,True,False,False,False,False,True,True,False,True,False,False,True,False,False,True,False,True,False,False,False
58,100,248,122,1.0,0,1,True,False,False,False,False,True,False,True,False,False,True,True,False,False,True,False,True,False,False,False
58,114,318,140,4.4,3,0,False,True,False,False,False,True,False,True,False,True,False,True,False,False,False,True,False,True,False,False
55,160,289,145,0.8,1,0,False,True,False,False,False,True,False,True,False,False,True,False,True,False,True,False,False,False,True,False
46,120,249,144,0.8,0,0,False,True,False,False,False,True,False,True,False,False,True,True,False,True,False,False,False,False,True,False
54,122,286,116,3.2,2,0,False,True,False,False,False,True,False,True,False,False,True,False,True,False,True,False,True,False,False,False
71,112,149,125,1.6,0,1,True,False,False,False,False,True,False,True,True,False,False,True,False,False,True,False,True,False,False,False
43,132,341,136,3.0,0,0,True,False,False,False,False,True,True,False,False,False,True,False,True,False,True,False,False,False,True,False
34,118,210,192,0.7,0,1,True,False,False,True,False,False,False,True,True,False,False,True,False,True,False,False,True,False,False,False
51,140,298,122,4.2,3,0,False,True,False,False,False,True,False,True,True,False,False,False,True,False,True,False,False,False,True,False
52,128,204,156,1.0,0,0,False,True,False,False,False,True,True,False,True,False,False,False,True,False,True,False,False,False,False,True
51,140,308,142,1.5,1,1,True,False,False,False,True,False,False,True,False,False,True,True,False,True,False,False,True,False,False,False
54,124,266,109,2.2,1,0,False,True,False,False,False,True,False,True,False,False,True,False,True,False,True,False,False,False,True,False
50,120,244,162,1.1,0,1,True,False,False,True,False,False,False,True,True,False,False,True,False,True,False,False,True,False,False,False
58,140,211,165,0.0,0,1,False,True,False,False,True,False,True,False,False,False,True,True,False,True,False,False,True,False,False,False
60,140,185,155,3.0,0,0,False,True,False,False,True,False,False,True,False,False,True,True,False,False,True,False,True,False,False,False
67,106,223,142,0.3,2,1,True,False,False,False,False,True,False,True,True,False,False,True,False,True,False,False,True,False,False,False
45,104,208,148,3.0,0,1,False,True,False,False,False,True,False,True,False,False,True,False,True,False,True,False,True,False,False,False
63,135,252,172,0.0,0,1,True,False,False,False,True,False,False,True,False,False,True,True,False,True,False,False,True,False,False,False
42,120,209,173,0.0,0,1,True,False,False,False,True,False,False,True,True,False,False,True,False,False,True,False,True,False,False,False
61,145,307,146,1.0,0,0,True,False,False,False,False,True,False,True,False,False,True,False,True,False,True,False,False,False,True,False
44,130,233,179,0.4,0,1,False,True,False,False,True,False,False,True,True,False,False,False,True,True,False,False,True,False,False,False
58,136,319,152,0.0,2,0,True,False,False,True,False,False,True,False,False,False,True,True,False,True,False,False,True,False,False,False
56,130,256,142,0.6,1,0,False,True,False,False,True,False,True,False,False,False,True,False,True,False,True,False,False,True,False,False
55,180,327,117,3.4,0,0,True,False,False,False,False,True,False,True,False,True,False,False,True,False,True,False,True,False,False,False
44,120,169,144,2.8,0,0,False,True,False,False,False,True,False,True,True,False,False,False,True,False,False,True,False,True,False,False
57,130,131,115,1.2,1,0,False,True,False,False,False,True,False,True,True,False,False,False,True,False,True,False,False,False,True,False
70,160,269,112,2.9,1,0,False,True,False,False,True,False,False,True,True,False,False,False,True,False,True,False,False,False,True,False
50,129,196,163,0.0,0,1,False,True,False,False,True,False,False,True,True,False,False,True,False,True,False,False,True,False,False,False
46,150,231,147,3.6,0,0,False,True,False,False,True,False,False,True,True,False,False,True,False,False,True,False,True,False,False,False
51,125,213,125,1.4,1,1,False,True,True,False,False,False,False,True,False,False,True,False,True,True,False,False,True,False,False,False
59,138,271,182,0.0,0,1,False,True,False,False,False,True,False,True,False,False,True,True,False,True,False,False,True,False,False,False
64,128,263,105,0.2,1,1,False,True,False,False,False,True,False,True,True,False,False,False,True,False,True,False,False,False,True,False
57,128,229,150,0.4,1,0,False,True,False,False,True,False,False,True,False,False,True,True,False,False,True,False,False,False,True,False
65,160,360,151,0.8,0,1,True,False,False,False,True,False,False,True,False,False,True,True,False,True,False,False,True,False,False,False
54,120,258,147,0.4,0,1,False,True,False,False,True,False,False,True,False,False,True,True,False,False,True,False,False,False,True,False
61,130,330,169,0.0,0,0,True,False,False,False,False,True,False,True,False,False,True,True,False,True,False,False,True,False,False,False
55,132,342,166,1.2,0,1,True,False,False,True,False,False,False,True,True,False,False,True,False,True,False,False,True,False,False,False
42,140,226,178,0.0,0,1,False,True,False,False,False,True,False,True,True,False,False,True,False,True,False,False,True,False,False,False
41,135,203,132,0.0,0,1,False,True,False,True,False,False,False,True,True,False,False,True,False,False,True,False,False,True,False,False
66,178,228,165,1.0,2,0,True,False,False,False,False,True,True,False,True,False,False,False,True,False,True,False,False,False,True,False
66,146,278,152,0.0,1,1,True,False,False,False,True,False,False,True,False,False,True,True,False,False,True,False,True,False,False,False
60,117,230,160,1.4,2,0,False,True,False,False,False,True,True,False,True,False,False,False,True,True,False,False,False,False,True,False
58,150,283,162,1.0,0,1,True,False,True,False,False,False,True,False,False,False,True,True,False,True,False,False,True,False,False,False
57,140,241,123,0.2,0,0,True,False,False,False,False,True,False,True,True,False,False,False,True,False,True,False,False,False,True,False
38,138,175,173,0.0,4,1,False,True,False,False,True,False,False,True,True,False,False,True,False,True,False,False,True,False,False,False
49,120,188,139,2.0,3,0,False,True,False,False,True,False,False,True,True,False,False,True,False,False,True,False,False,False,True,False
55,140,217,111,5.6,0,0,False,True,False,False,False,True,False,True,True,False,False,False,True,False,False,True,False,False,True,False
56,120,193,162,1.9,0,1,False,True,True,False,False,False,False,True,False,False,True,True,False,False,True,False,False,False,True,False
48,130,245,180,0.2,0,1,False,True,False,True,False,False,False,True,False,False,True,True,False,False,True,False,True,False,False,False
67,152,212,150,0.8,0,0,False,True,False,False,True,False,False,True,False,False,True,True,False,False,True,False,False,False,True,False
57,154,232,164,0.0,1,0,False,True,False,True,False,False,False,True,False,False,True,True,False,True,False,False,True,False,False,False
29,130,204,202,0.0,0,1,False,True,False,True,False,False,False,True,False,False,True,True,False,True,False,False,True,False,False,False
67,100,299,125,0.9,2,0,False,True,False,False,False,True,False,True,False,False,True,False,True,False,True,False,True,False,False,False
59,150,212,157,1.6,0,1,False,True,False,False,True,False,True,False,True,False,False,True,False,True,False,False,True,False,False,False
59,170,288,159,0.2,0,0,False,True,True,False,False,False,False,True,False,False,True,True,False,False,True,False,False,False,True,False
53,130,197,152,1.2,0,1,False,True,False,False,True,False,True,False,False,False,True,True,False,False,False,True,True,False,False,False
42,136,315,125,1.8,0,0,False,True,False,False,False,True,False,True,True,False,False,False,True,False,True,False,False,True,False,False
37,120,215,170,0.0,0,1,True,False,False,False,True,False,False,True,True,False,False,True,False,True,False,False,True,False,False,False
62,160,164,145,6.2,3,0,True,False,False,False,False,True,False,True,False,False,True,True,False,False,False,True,False,False,True,False
59,170,326,140,3.4,0,0,False,True,False,False,False,True,False,True,False,False,True,False,True,False,False,True,False,False,True,False
61,140,207,138,1.9,1,0,False,True,False,False,False,True,False,True,False,False,True,False,True,True,False,False,False,False,True,False
56,125,249,144,1.2,1,0,False,True,False,False,False,True,True,False,False,False,True,False,True,False,True,False,True,False,False,False
59,140,177,162,0.0,1,0,False,True,False,False,False,True,False,True,True,False,False,False,True,True,False,False,False,False,True,False
48,130,256,150,0.0,2,0,False,True,False,False,False,True,True,False,False,False,True,False,True,True,False,False,False,False,True,False
47,138,257,156,0.0,0,1,False,True,False,False,True,False,False,True,False,False,True,True,False,True,False,False,True,False,False,False
48,124,255,175,0.0,2,1,False,True,False,False,True,False,True,False,True,False,False,True,False,True,False,False,True,False,False,False
63,140,187,144,4.0,2,0,False,True,False,False,False,True,False,True,False,False,True,False,True,True,False,False,False,False,True,False
52,134,201,158,0.8,1,1,False,True,False,True,False,False,False,True,True,False,False,True,False,True,False,False,True,False,False,False
50,140,233,163,0.6,1,0,False,True,False,False,True,False,False,True,True,False,False,True,False,False,True,False,False,False,True,False
49,118,149,126,0.8,3,0,False,True,False,False,True,False,False,True,False,False,True,True,False,True,False,False,True,False,False,False
44,120,220,170,0.0,0,1,False,True,False,True,False,False,False,True,True,False,False,True,False,True,False,False,True,False,False,False
59,174,249,143,0.0,0,0,True,False,False,False,False,True,False,True,True,False,False,False,True,False,True,False,True,False,False,False
62,140,268,160,3.6,2,0,True,False,False,False,False,True,False,True,False,False,True,True,False,False,False,True,True,False,False,False
68,144,193,141,3.4,2,0,False,True,False,False,False,True,True,False,True,False,False,True,False,False,True,False,False,False,True,False
54,108,267,167,0.0,0,1,True,False,False,False,True,False,False,True,False,False,True,True,False,True,False,False,True,False,False,False
62,124,209,163,0.0,0,1,True,False,False,False,False,True,False,True,True,False,False,True,False,True,False,False,True,False,False,False
62,128,208,140,0.0,0,1,False,True,False,True,False,False,True,False,False,False,True,True,False,True,False,False,True,False,False,False
45,138,236,152,0.2,0,1,True,False,False,False,False,True,False,True,False,False,True,False,True,False,True,False,True,False,False,False
57,128,303,159,0.0,1,1,True,False,False,False,False,True,False,True,False,False,True,True,False,True,False,False,True,False,False,False
53,123,282,95,2.0,2,0,False,True,False,False,False,True,False,True,True,False,False,False,True,False,True,False,False,False,True,False
65,110,248,158,0.6,2,0,False,True,False,False,False,True,False,True,False,False,True,True,False,True,False,False,False,True,False,False
76,140,197,116,1.1,0,1,True,False,False,False,True,False,False,True,False,True,False,True,False,False,True,False,True,False,False,False
43,122,213,165,0.2,0,1,True,False,False,False,True,False,False,True,True,False,False,True,False,False,True,False,True,False,False,False
57,150,126,173,0.2,1,1,False,True,False,False,True,False,True,False,True,False,False,True,False,True,False,False,False,False,True,False
54,108,309,156,0.0,0,1,False,True,False,True,False,False,False,True,True,False,False,True,False,True,False,False,False,False,True,False
52,118,186,190,0.0,0,1,False,True,True,False,False,False,False,True,False,False,True,True,False,False,True,False,False,True,False,False
47,110,275,118,1.0,1,0,False,True,False,False,False,True,False,True,False,False,True,False,True,False,True,False,True,False,False,False
51,140,299,173,1.6,0,0,False,True,False,False,False,True,False,True,True,False,False,False,True,True,False,False,False,False,True,False
62,120,281,103,1.4,1,0,False,True,False,True,False,False,False,True,False,False,True,True,False,False,True,False,False,False,True,False
40,152,223,181,0.0,0,0,False,True,False,False,False,True,False,True,True,False,False,True,False,True,False,False,False,False,True,False
54,110,206,108,0.0,1,0,False,True,False,False,False,True,False,True,False,False,True,False,True,False,True,False,True,False,False,False
44,110,197,177,0.0,1,0,False,True,False,False,False,True,False,True,False,False,True,True,False,True,False,False,True,False,False,False
53,142,226,111,0.0,0,1,False,True,False,False,False,True,False,True,False,False,True,False,True,True,False,False,False,False,True,False
57,110,335,143,3.0,1,0,False,True,False,False,False,True,False,True,True,False,False,False,True,False,True,False,False,False,True,False
59,126,218,134,2.2,1,0,False,True,False,False,True,False,True,False,True,False,False,True,False,False,True,False,False,True,False,False
63,130,254,147,1.4,1,0,False,True,False,False,False,True,False,True,False,False,True,True,False,False,True,False,False,False,True,False
43,120,177,120,2.5,0,0,False,True,False,False,False,True,False,True,False,False,True,False,True,False,True,False,False,False,True,False
42,120,295,162,0.0,0,1,False,True,False,True,False,False,False,True,True,False,False,True,False,True,False,False,True,False,False,False
60,145,282,142,2.8,2,0,False,True,False,False,False,True,False,True,False,False,True,False,True,False,True,False,False,False,True,False
65,140,417,157,0.8,1,1,True,False,False,False,True,False,True,False,False,False,True,True,False,True,False,False,True,False,False,False
61,120,260,140,3.6,1,0,False,True,False,False,False,True,False,True,True,False,False,False,True,False,True,False,False,False,True,False
60,150,240,171,0.9,0,1,True,False,True,False,False,False,False,True,True,False,False,True,False,True,False,False,True,False,False,False
66,120,302,151,0.4,0,1,False,True,False,False,False,True,False,True,False,False,True,True,False,False,True,False,True,False,False,False
52,138,223,169,0.0,4,1,False,True,False,False,True,False,False,True,True,False,False,True,False,True,False,False,True,False,False,False
57,140,192,148,0.4,0,1,False,True,False,False,False,True,False,True,True,False,False,True,False,False,True,False,False,True,False,False
51,130,256,149,0.5,0,1,True,False,False,False,True,False,False,True,False,False,True,True,False,True,False,False,True,False,False,False
58,170,225,146,2.8,2,0,True,False,False,False,False,True,True,False,False,False,True,False,True,False,True,False,False,True,False,False
64,180,325,154,0.0,0,1,True,False,False,False,False,True,False,True,True,False,False,False,True,True,False,False,True,False,False,False
41,110,235,153,0.0,0,1,False,True,False,True,False,False,False,True,True,False,False,True,False,True,False,False,True,False,False,False
57,152,274,88,1.2,1,0,False,True,False,False,False,True,False,True,True,False,False,False,True,False,True,False,False,False,True,False
63,124,197,136,0.0,0,0,True,False,False,False,False,True,False,True,True,False,False,False,True,False,True,False,True,False,False,False
61,134,234,145,2.6,2,0,False,True,True,False,False,False,False,True,True,False,False,True,False,False,True,False,True,False,False,False
34,118,182,174,0.0,0,1,False,True,True,False,False,False,False,True,False,False,True,True,False,True,False,False,True,False,False,False
47,112,204,143,0.1,0,1,False,True,False,False,False,True,False,True,True,False,False,True,False,True,False,False,True,False,False,False
40,110,167,114,2.0,0,0,False,True,False,False,False,True,False,True,False,False,True,False,True,False,True,False,False,False,True,False
51,120,295,157,0.6,0,1,True,False,False,False,True,False,False,True,False,False,True,True,False,True,False,False,True,False,False,False
41,110,172,158,0.0,0,0,False,True,False,False,False,True,False,True,False,False,True,True,False,True,False,False,False,False,True,False
52,152,298,178,1.2,0,1,False,True,True,False,False,False,True,False,True,False,False,True,False,False,True,False,False,False,True,False
39,140,321,182,0.0,0,1,False,True,False,False,True,False,False,True,False,False,True,True,False,True,False,False,True,False,False,False
54,192,283,195,0.0,1,0,False,True,False,True,False,False,False,True,False,False,True,True,False,True,False,False,False,False,True,False
58,125,300,171,0.0,2,0,False,True,False,False,False,True,False,True,False,False,True,True,False,True,False,False,False,False,True,False
63,130,330,132,1.8,3,0,False,True,False,False,False,True,True,False,False,False,True,False,True,True,False,False,False,False,True,False
40,140,199,178,1.4,0,1,False,True,True,False,False,False,False,True,True,False,False,False,True,True,False,False,False,False,True,False
67,115,564,160,1.6,0,1,True,False,False,False,True,False,False,True,False,False,True,True,False,False,True,False,False,False,True,False
41,120,157,182,0.0,0,1,False,True,False,True,False,False,False,True,True,False,False,True,False,True,False,False,True,False,False,False
77,125,304,162,0.0,3,0,False,True,False,False,False,True,False,True,False,False,True,False,True,True,False,False,True,False,False,False
51,100,222,143,1.2,0,1,False,True,False,False,True,False,False,True,True,False,False,False,True,False,True,False,True,False,False,False
48,124,274,166,0.5,0,0,False,True,False,False,False,True,False,True,False,False,True,True,False,False,True,False,False,False,True,False
56,132,184,105,2.1,1,0,False,True,False,False,False,True,False,True,False,False,True,False,True,False,True,False,False,True,False,False
57,120,354,163,0.6,0,1,True,False,False,False,False,True,False,True,True,False,False,False,True,True,False,False,True,False,False,False
43,130,315,162,1.9,1,1,False,True,False,False,True,False,False,True,True,False,False,True,False,True,False,False,True,False,False,False
45,112,160,138,0.0,0,1,True,False,False,True,False,False,False,True,True,False,False,True,False,False,True,False,True,False,False,False
43,150,247,171,1.5,0,1,False,True,False,False,False,True,False,True,True,False,False,True,False,True,False,False,True,False,False,False
56,130,283,103,1.6,0,0,False,True,False,False,False,True,True,False,False,False,True,False,True,False,False,True,False,False,True,False
56,120,240,169,0.0,0,1,False,True,False,True,False,False,False,True,True,False,False,True,False,False,False,True,True,False,False,False
39,94,199,179,0.0,0,1,True,False,False,False,True,False,False,True,True,False,False,True,False,True,False,False,True,False,False,False
54,110,239,126,2.8,1,0,False,True,False,False,False,True,False,True,True,False,False,False,True,False,True,False,False,False,True,False
56,200,288,133,4.0,2,0,True,False,False,False,False,True,True,False,False,False,True,False,True,False,False,True,False,False,True,False
64,120,246,96,2.2,1,0,False,True,False,False,False,True,False,True,False,False,True,False,True,False,False,True,True,False,False,False
56,134,409,150,1.9,2,0,True,False,False,False,False,True,False,True,False,False,True,False,True,False,True,False,False,False,True,False
64,110,211,144,1.8,0,1,False,True,True,False,False,False,False,True,False,False,True,False,True,False,True,False,True,False,False,False
60,140,293,170,1.2,2,0,False,True,False,False,False,True,False,True,False,False,True,True,False,False,True,False,False,False,True,False
42,130,180,150,0.0,0,1,False,True,False,False,True,False,False,True,True,False,False,True,False,True,False,False,True,False,False,False
45,128,308,170,0.0,0,1,False,True,False,True,False,False,False,True,False,False,True,True,False,True,False,False,True,False,False,False
57,165,289,124,1.0,3,0,False,True,False,False,False,True,True,False,False,False,True,True,False,False,True,False,False,False,True,False
64,125,309,131,1.8,0,0,False,True,False,False,True,False,False,True,True,False,False,False,True,False,True,False,False,False,True,False
41,112,250,179,0.0,0,1,False,True,False,False,True,False,False,True,True,False,False,True,False,True,False,False,True,False,False,False
56,130,221,163,0.0,0,1,False,True,False,True,False,False,False,True,False,False,True,True,False,True,False,False,False,False,True,False
69,160,234,131,0.1,1,1,False,True,True,False,False,False,True,False,False,False,True,True,False,False,True,False,True,False,False,False
67,160,286,108,1.5,3,0,False,True,False,False,False,True,False,True,False,False,True,False,True,False,True,False,True,False,False,False
58,100,234,156,0.1,1,0,False,True,False,False,False,True,False,True,True,False,False,True,False,True,False,False,False,False,True,False
45,115,260,185,0.0,0,1,False,True,False,False,False,True,False,True,False,False,True,True,False,True,False,False,True,False,False,False
60,102,318,160,0.0,1,1,True,False,False,False,True,False,False,True,True,False,False,True,False,True,False,False,True,False,False,False
50,144,200,126,0.9,0,0,False,True,False,False,False,True,False,True,False,False,True,False,True,False,True,False,False,False,True,False
64,170,227,155,0.6,0,1,False,True,True,False,False,False,False,True,False,False,True,True,False,False,True,False,False,False,True,False
42,148,244,178,0.8,2,1,False,True,True,False,False,False,False,True,False,False,True,True,False,True,False,False,True,False,False,False
42,120,240,194,0.8,0,1,False,True,False,False,True,False,True,False,True,False,False,True,False,False,False,True,False,False,True,False
50,150,243,128,2.6,0,0,False,True,False,False,False,True,False,True,False,False,True,True,False,False,True,False,False,False,True,False
49,130,266,171,0.6,0,1,False,True,False,True,False,False,False,True,True,False,False,True,False,True,False,False,True,False,False,False
65,135,254,127,2.8,1,0,False,True,False,False,False,True,False,True,False,False,True,True,False,False,True,False,False,False,True,False
46,140,311,120,1.8,2,0,False,True,False,False,False,True,False,True,True,False,False,False,True,False,True,False,False,False,True,False
57,130,236,174,0.0,1,0,True,False,False,True,False,False,False,True,False,False,True,True,False,False,True,False,True,False,False,False
51,140,261,186,0.0,0,1,False,True,False,False,False,True,False,True,False,False,True,False,True,True,False,False,True,False,False,False
54,150,232,165,1.6,0,1,False,True,False,False,True,False,False,True,False,False,True,True,False,True,False,False,False,False,True,False
44,118,242,149,0.3,1,1,True,False,False,False,True,False,False,True,True,False,False,True,False,False,True,False,True,False,False,False
52,128,205,184,0.0,0,1,False,True,False,True,False,False,True,False,True,False,False,True,False,True,False,False,True,False,False,False
56,120,236,178,0.8,0,1,False,True,False,True,False,False,False,True,True,False,False,True,False,True,False,False,True,False,False,False
60,125,258,141,2.8,1,0,False,True,False,False,False,True,False,True,False,False,True,False,True,False,True,False,False,False,True,False
41,126,306,163,0.0,0,1,True,False,False,True,False,False,False,True,True,False,False,True,False,True,False,False,True,False,False,False
49,130,269,163,0.0,0,1,True,False,False,False,False,True,False,True,True,False,False,True,False,True,False,False,True,False,False,False
57,124,261,141,0.3,0,0,False,True,False,True,False,False,False,True,True,False,False,True,False,True,False,False,False,False,True,False
62,150,244,154,1.4,0,0,True,False,False,False,False,True,False,True,True,False,False,False,True,False,True,False,True,False,False,False
54,132,288,159,0.0,1,1,True,False,False,True,False,False,True,False,False,False,True,False,True,True,False,False,True,False,False,False
51,125,245,166,2.4,0,1,False,True,False,False,True,False,True,False,False,False,True,True,False,False,True,False,True,False,False,False
44,130,219,188,0.0,0,1,False,True,False,True,False,False,False,True,False,False,True,True,False,True,False,False,True,False,False,False
39,138,220,152,0.0,0,1,True,False,False,False,True,False,False,True,True,False,False,True,False,False,True,False,True,False,False,False
55,132,353,132,1.2,1,0,False,True,False,False,False,True,False,True,True,False,False,False,True,False,True,False,False,False,True,False
35,120,198,130,1.6,0,0,False,True,False,False,False,True,False,True,True,False,False,False,True,False,True,False,False,False,True,False
62,140,394,157,1.2,0,1,True,False,False,False,False,True,False,True,False,False,True,True,False,False,True,False,True,False,False,False
35,138,183,182,1.4,0,1,True,False,False,False,False,True,False,True,True,False,False,True,False,True,False,False,True,False,False,False
38,120,231,182,3.8,0,0,False,True,True,False,False,False,False,True,True,False,False,False,True,False,True,False,False,False,True,False
44,120,226,169,0.0,0,1,False,True,False,False,True,False,False,True,True,False,False,True,False,True,False,False,True,False,False,False
48,122,222,186,0.0,0,1,False,True,False,False,False,True,False,True,False,False,True,True,False,True,False,False,True,False,False,False
67,120,237,71,1.0,0,0,False,True,False,False,False,True,False,True,True,False,False,True,False,False,True,False,True,False,False,False
58,132,224,173,3.2,2,0,False,True,False,False,True,False,False,True,False,False,True,True,False,True,False,False,False,False,True,False
71,110,265,130,0.0,1,1,True,False,False,False,True,False,True,False,False,False,True,True,False,True,False,False,True,False,False,False
43,110,211,161,0.0,0,1,False,True,False,False,False,True,False,True,True,False,False,True,False,True,False,False,False,False,True,False
44,120,263,173,0.0,0,1,False,True,False,True,False,False,False,True,True,False,False,True,False,True,False,False,False,False,True,False
66,160,228,138,2.3,0,1,False,True,False,False,False,True,False,True,False,False,True,True,False,True,False,False,False,True,False,False
57,132,207,168,0.0,0,1,False,True,False,False,False,True,False,True,True,False,False,False,True,True,False,False,False,False,True,False
41,105,198,168,0.0,1,1,True,False,False,True,False,False,False,True,True,False,False,True,False,True,False,False,True,False,False,False
45,130,234,175,0.6,0,1,True,False,False,True,False,False,False,True,False,False,True,True,False,False,True,False,True,False,False,False
35,122,192,174,0.0,0,1,False,True,False,True,False,False,False,True,True,False,False,True,False,True,False,False,True,False,False,False
41,130,204,172,1.4,0,1,True,False,False,True,False,False,False,True,False,False,True,True,False,True,False,False,True,False,False,False
64,140,313,133,0.2,0,1,True,False,False,False,True,False,False,True,True,False,False,True,False,True,False,False,False,False,True,False
71,160,302,162,0.4,2,1,True,False,False,True,False,False,False,True,True,False,False,True,False,True,False,False,True,False,False,False
58,120,340,172,0.0,0,1,True,False,False,False,True,False,False,True,True,False,False,True,False,True,False,False,True,False,False,False
58,128,259,130,3.0,2,0,False,True,False,False,False,True,False,True,False,False,True,False,True,False,True,False,False,False,True,False
61,150,243,137,1.0,0,1,False,True,False,False,True,False,True,False,True,False,False,False,True,False,True,False,True,False,False,False
58,150,270,111,0.8,0,0,False,True,False,False,False,True,False,True,False,False,True,False,True,True,False,False,False,False,True,False
52,120,325,172,0.2,0,1,False,True,False,True,False,False,False,True,True,False,False,True,False,True,False,False,True,False,False,False
46,105,204,172,0.0,0,1,True,False,False,True,False,False,False,True,True,False,False,True,False,True,False,False,True,False,False,False
51,94,227,154,0.0,1,1,False,True,False,False,True,False,False,True,True,False,False,False,True,True,False,False,False,False,True,False
52,136,196,169,0.1,0,1,True,False,False,False,True,False,False,True,False,False,True,True,False,False,True,False,True,False,False,False
62,120,267,99,1.8,2,0,False,True,False,False,False,True,False,True,True,False,False,False,True,False,True,False,False,False,True,False
56,140,294,153,1.3,0,1,True,False,False,True,False,False,False,True,False,False,True,True,False,False,True,False,True,False,False,False
74,120,269,121,0.2,1,1,True,False,False,True,False,False,False,True,False,False,True,False,True,True,False,False,True,False,False,False
53,128,216,115,0.0,0,1,True,False,False,False,True,False,False,True,False,False,True,True,False,True,False,False,False,False,False,True
53,130,264,143,0.4,0,1,True,False,False,False,False,True,False,True,False,False,True,True,False,False,True,False,True,False,False,False
48,130,275,139,0.2,0,1,True,False,False,False,True,False,False,True,True,False,False,True,False,True,False,False,True,False,False,False
45,142,309,147,0.0,3,0,False,True,False,False,False,True,False,True,False,False,True,False,True,False,True,False,False,False,True,False
66,160,246,120,0.0,3,0,False,True,False,True,False,False,False,True,True,False,False,False,True,False,True,False,False,True,False,False
57,150,276,112,0.6,1,0,False,True,False,False,False,True,False,True,False,False,True,False,True,False,True,False,False,True,False,False
70,130,322,109,2.4,3,0,False,True,False,False,False,True,False,True,False,False,True,True,False,False,True,False,True,False,False,False
63,108,269,169,1.8,2,0,True,False,False,False,False,True,False,True,True,False,False,False,True,False,True,False,True,False,False,False
37,130,250,187,3.5,0,1,False,True,False,False,True,False,False,True,True,False,False,True,False,False,False,True,True,False,False,False
54,110,214,158,1.6,0,1,True,False,False,False,True,False,False,True,True,False,False,True,False,False,True,False,True,False,False,False
60,130,206,132,2.4,2,0,False,True,False,False,False,True,False,True,False,False,True,False,True,False,True,False,False,False,True,False
54,125,273,152,0.5,1,1,False,True,False,False,True,False,False,True,False,False,True,True,False,False,False,True,True,False,False,False
60,130,253,144,1.4,1,0,False,True,False,False,False,True,False,True,True,False,False,False,True,True,False,False,False,False,True,False
65,155,269,148,0.8,0,1,True,False,False,False,True,False,False,True,True,False,False,True,False,True,False,False,True,False,False,False
52,172,199,162,0.5,0,1,False,True,False,False,True,False,True,False,True,False,False,True,False,True,False,False,False,False,True,False
43,132,247,143,0.1,4,0,False,True,False,False,False,True,True,False,False,False,True,False,True,False,True,False,False,False,True,False
62,130,263,97,1.2,1,0,True,False,False,False,True,False,False,True,True,False,False,True,False,False,True,False,False,False,True,False
57,110,201,126,1.5,0,1,False,True,False,False,False,True,False,True,True,False,False,False,True,False,True,False,False,True,False,False
46,138,243,152,0.0,0,1,True,False,False,False,False,True,False,True,False,False,True,False,True,False,True,False,True,False,False,False
59,164,176,90,1.0,2,0,False,True,False,False,False,True,True,False,False,False,True,True,False,False,True,False,False,True,False,False
59,134,204,162,0.8,2,0,False,True,True,False,False,False,False,True,True,False,False,True,False,True,False,False,True,False,False,False
62,130,231,146,1.8,3,1,False,True,False,False,True,False,False,True,True,False,False,True,False,False,True,False,False,False,True,False
53,130,246,173,0.0,3,1,False,True,False,False,True,False,True,False,False,False,True,True,False,True,False,False,True,False,False,False
58,112,230,165,2.5,1,0,False,True,False,False,True,False,False,True,False,False,True,True,False,False,True,False,False,False,True,False
48,110,229,168,1.0,0,0,False,True,False,True,False,False,False,True,True,False,False,True,False,False,False,True,False,False,True,False
58,105,240,154,0.6,0,1,False,True,False,False,True,False,False,True,False,False,True,False,True,False,True,False,False,False,True,False
51,110,175,123,0.6,0,1,False,True,False,False,True,False,False,True,True,False,False,True,False,True,False,False,True,False,False,False
58,120,284,160,1.8,0,0,False,True,False,True,False,False,False,True,False,False,True,True,False,False,True,False,True,False,False,False
46,142,177,160,1.4,0,1,True,False,False,False,True,False,False,True,False,False,True,False,True,False,False,True,True,False,False,False
59,140,221,164,0.0,0,1,False,True,False,True,False,False,False,True,True,False,False,False,True,True,False,False,True,False,False,False
64,130,303,122,2.0,2,1,True,False,False,False,False,True,False,True,True,False,False,True,False,False,True,False,True,False,False,False
58,146,218,105,2.0,1,0,False,True,False,False,False,True,False,True,True,False,False,True,False,False,True,False,False,False,True,False
59,110,239,142,1.2,1,0,False,True,False,False,False,True,False,True,False,False,True,False,True,False,True,False,False,False,True,False
35,126,282,156,0.0,0,0,False,True,False,False,False,True,False,True,False,False,True,False,True,True,False,False,False,False,True,False
63,145,233,150,2.3,0,1,False,True,True,False,False,False,True,False,False,False,True,True,False,False,False,True,False,True,False,False
45,110,264,132,1.2,0,0,False,True,True,False,False,False,False,True,True,False,False,True,False,False,True,False,False,False,True,False
68,180,274,150,1.6,0,0,False,True,False,False,True,False,True,False,False,False,True,False,True,False,True,False,False,False,True,False
70,156,245,143,0.0,0,1,False,True,False,True,False,False,False,True,False,False,True,True,False,True,False,False,True,False,False,False
42,102,265,122,0.6,0,1,True,False,False,False,False,True,False,True,False,False,True,True,False,False,True,False,True,False,False,False
51,130,305,142,1.2,0,0,True,False,False,False,False,True,False,True,True,False,False,False,True,False,True,False,False,False,True,False
54,160,201,163,0.0,1,1,True,False,False,False,True,False,False,True,True,False,False,True,False,True,False,False,True,False,False,False
57,150,168,174,1.6,0,1,False,True,False,False,True,False,False,True,True,False,False,True,False,True,False,False,True,False,False,False
47,108,243,152,0.0,0,0,False,True,False,False,True,False,False,True,True,False,False,True,False,True,False,False,True,False,False,False
65,150,225,114,1.0,3,0,True,False,False,False,False,True,False,True,False,False,True,True,False,False,True,False,False,False,True,False
41,112,268,172,0.0,0,1,True,False,False,False,True,False,False,True,False,False,True,False,True,True,False,False,True,False,False,False
67,120,229,129,2.6,2,0,False,True,False,False,False,True,False,True,False,False,True,False,True,False,True,False,False,False,True,False
47,130,253,179,0.0,0,1,False,True,False,False,True,False,False,True,True,False,False,True,False,True,False,False,True,False,False,False
52,112,230,160,0.0,1,0,False,True,False,False,False,True,False,True,True,False,False,True,False,True,False,False,True,False,False,False
63,150,407,154,4.0,3,0,True,False,False,False,False,True,False,True,False,False,True,True,False,False,True,False,False,False,True,False
49,134,271,162,0.0,0,1,True,False,False,True,False,False,False,True,True,False,False,True,False,False,True,False,True,False,False,False
69,140,254,146,2.0,3,0,False,True,False,False,True,False,False,True,False,False,True,True,False,False,True,False,False,False,True,False
58,130,197,131,0.6,0,1,True,False,False,False,False,True,False,True,True,False,False,True,False,False,True,False,True,False,False,False
41,130,214,168,2.0,0,1,False,True,False,False,True,False,False,True,False,False,True,True,False,False,True,False,True,False,False,False
58,128,216,131,2.2,3,0,False,True,False,False,False,True,False,True,False,False,True,False,True,False,True,False,False,False,True,False
59,135,234,161,0.5,0,1,False,True,False,False,False,True,False,True,True,False,False,True,False,False,True,False,False,False,True,False
54,140,239,160,1.2,0,1,False,True,False,False,False,True,False,True,True,False,False,True,False,True,False,False,True,False,False,False
44,112,290,153,0.0,1,0,False,True,False,False,False,True,False,True,False,False,True,True,False,True,False,False,True,False,False,False
58,125,220,144,0.4,4,1,False,True,False,True,False,False,False,True,True,False,False,True,False,False,True,False,False,False,True,False
67,152,277,172,0.0,1,1,True,False,False,False,True,False,False,True,True,False,False,True,False,True,False,False,True,False,False,False
59,178,270,145,4.2,0,1,False,True,True,False,False,False,False,True,False,False,True,True,False,False,False,True,False,False,True,False
60,150,258,157,2.6,2,0,True,False,False,False,False,True,False,True,False,False,True,True,False,False,True,False,False,False,True,False
53,138,234,160,0.0,0,1,True,False,False,False,False,True,False,True,False,False,True,True,False,True,False,False,True,False,False,False
50,120,219,158,1.6,0,1,True,False,False,False,True,False,False,True,True,False,False,True,False,False,True,False,True,False,False,False
44,140,235,180,0.0,0,1,False,True,False,False,True,False,False,True,False,False,True,True,False,True,False,False,True,False,False,False
68,118,277,151,1.0,1,1,False,True,False,False,True,False,False,True,True,False,False,True,False,True,False,False,False,False,True,False
67,125,254,163,0.2,2,0,False,True,False,False,False,True,True,False,True,False,False,True,False,False,True,False,False,False,True,False
50,110,254,159,0.0,0,1,True,False,False,False,False,True,False,True,False,False,True,True,False,True,False,False,True,False,False,False
54,135,304,170,0.0,0,1,True,False,False,False,True,False,True,False,True,False,False,True,False,True,False,False,True,False,False,False
46,101,197,156,0.0,0,1,False,True,False,True,False,False,True,False,True,False,False,True,False,True,False,False,False,False,True,False
55,130,262,155,0.0,0,1,False,True,False,True,False,False,False,True,True,False,False,True,False,True,False,False,True,False,False,False
64,145,212,132,2.0,2,0,False,True,False,False,False,True,False,True,False,False,True,True,False,False,True,False,False,True,False,False
63,140,195,179,0.0,2,1,True,False,False,True,False,False,False,True,True,False,False,True,False,True,False,False,True,False,False,False
66,112,212,132,0.1,1,0,False,True,False,False,False,True,False,True,False,False,True,False,True,True,False,False,True,False,False,False
55,128,205,130,2.0,1,0,True,False,False,False,False,True,False,True,False,True,False,False,True,False,True,False,False,False,True,False
43,115,303,181,1.2,0,1,False,True,False,False,False,True,False,True,True,False,False,True,False,False,True,False,True,False,False,False
69,140,239,151,1.8,2,1,True,False,True,False,False,False,False,True,True,False,False,True,False,True,False,False,True,False,False,False
65,138,282,174,1.4,1,0,False,True,True,False,False,False,True,False,False,False,True,True,False,False,True,False,True,False,False,False
61,138,166,125,3.6,1,0,False,True,False,False,False,True,False,True,False,False,True,False,True,False,True,False,True,False,False,False
65,120,177,140,0.4,0,1,False,True,False,False,False,True,False,True,True,False,False,True,False,True,False,False,False,False,True,False
66,150,226,114,2.6,0,1,True,False,True,False,False,False,False,True,True,False,False,True,False,False,False,True,True,False,False,False
55,135,250,161,1.4,0,1,True,False,False,True,False,False,False,True,False,False,True,True,False,False,True,False,True,False,False,False
39,118,219,140,1.2,0,0,False,True,False,False,False,True,False,True,True,False,False,True,False,False,True,False,False,False,True,False
60,120,178,96,0.0,0,1,True,False,False,False,True,False,True,False,True,False,False,True,False,True,False,False,True,False,False,False
52,108,233,147,0.1,3,1,False,True,False,False,False,True,True,False,True,False,False,True,False,True,False,False,False,False,True,False
64,140,335,158,0.0,0,0,False,True,False,False,True,False,False,True,True,False,False,True,False,True,False,False,True,False,False,False
68,120,211,115,1.5,0,1,True,False,False,False,True,False,False,True,False,False,True,True,False,False,True,False,True,False,False,False
44,108,141,175,0.6,0,1,True,False,False,False,True,False,False,True,True,False,False,True,False,False,True,False,True,False,False,False
52,128,255,161,0.0,1,0,False,True,False,False,False,True,False,True,True,False,False,False,True,True,False,False,False,False,True,False
59,160,273,125,0.0,0,0,False,True,True,False,False,False,False,True,False,False,True,True,False,True,False,False,True,False,False,False
54,120,188,113,1.4,1,0,False,True,False,False,False,True,False,True,True,False,False,True,False,False,True,False,False,False,True,False
